{"cameraMode":{"drawMode":0,"name":"Shaded","section":"Shading Mode"},"sceneLighting":false,"audioPlay":false,"sceneViewState":{"m_AlwaysRefresh":false,"showFog":true,"showSkybox":false,"showFlares":true,"showImageEffects":true,"showParticleSystems":true,"showVisualEffectGraphs":true,"m_FxEnabled":true},"in2DMode":false,"pivot":{"x":2.9713897705078127,"y":-0.21484458446502686,"z":-4.664186000823975},"rotation":{"x":-0.30883336067199709,"y":-0.5752792954444885,"z":0.24826006591320039,"w":-0.7156187295913696},"size":28.977523803710939,"orthographic":false}